{"cameraMode":{"drawMode":0,"name":"Shaded","section":"Shading Mode"},"sceneLighting":true,"audioPlay":false,"sceneViewState":{"showFog":true,"showMaterialUpdate":false,"showSkybox":true,"showFlares":true,"showImageEffects":true,"showParticleSystems":true},"in2DMode":false,"pivot":{"x":6.940922260284424,"y":1.0180182456970215,"z":-8.774259567260743},"rotation":{"x":0.11430664360523224,"y":0.2628448009490967,"z":-0.03137720003724098,"w":0.9575291872024536},"size":20.771656036376954,"orthographic":false}