{"cameraMode":{"drawMode":0,"name":"Shaded","section":"Shading Mode"},"sceneLighting":true,"audioPlay":false,"sceneViewState":{"showFog":true,"showMaterialUpdate":false,"showSkybox":true,"showFlares":true,"showImageEffects":true,"showParticleSystems":true},"in2DMode":false,"pivot":{"x":82.46472930908203,"y":12.410922050476075,"z":23.817018508911134},"rotation":{"x":0.09135342389345169,"y":-0.0844544768333435,"z":0.007775561884045601,"w":0.9922003746032715},"size":24.926284790039064,"orthographic":false}